{
    "best_params": {
        "learning_rate": 0.021180726183290588,
        "n_estimators": 1592.0,
        "max_depth": 10.0,
        "num_leaves": 57.0,
        "subsample": 0.8489749124025812,
        "colsample_bytree": 0.8199818288189524,
        "min_child_samples": 50.0,
        "reg_alpha": 1.6173507413304624,
        "reg_lambda": 2.462260910355421,
        "max_bin": 404.0,
        "scale_pos_weight": 135.6421768707483
    },
    "best_threshold": 0.4,
    "features": [
        "\u6280\u8853\u6307\u6a19_\u6708RSI(10)",
        "\u4e0a\u5e02\u52a0\u6b0a\u6307\u657819\u5929\u4e56\u96e2\u7387",
        "\u4e0a\u5e02\u52a0\u6b0a\u6307\u65785\u5929\u4e56\u96e2\u7387",
        "\u4e0a\u5e02\u52a0\u6b0a\u6307\u657810\u5929\u5831\u916c\u7387",
        "\u4e0a\u5e02\u52a0\u6b0a\u6307\u6578\u524d2\u5929\u6210\u4ea4\u91cf",
        "\u4e0a\u5e02\u52a0\u6b0a\u6307\u6578\u524d13\u5929\u6210\u4ea4\u91cf",
        "\u4e0a\u5e02\u52a0\u6b0a\u6307\u6578\u524d12\u5929\u6210\u4ea4\u91cf",
        "\u4e0a\u5e02\u52a0\u6b0a\u6307\u657820\u5929\u6210\u4ea4\u91cf\u6ce2\u52d5\u5ea6",
        "\u4e0a\u5e02\u52a0\u6b0a\u6307\u657820\u5929\u6ce2\u52d5\u5ea6",
        "\u4e0a\u5e02\u52a0\u6b0a\u6307\u6578\u524d3\u5929\u6210\u4ea4\u91cf",
        "\u4e0a\u5e02\u52a0\u6b0a\u6307\u657820\u5929\u5831\u916c\u7387",
        "\u4e0a\u5e02\u52a0\u6b0a\u6307\u65781\u5929\u5831\u916c\u7387",
        "\u6280\u8853\u6307\u6a19_RSI(10)",
        "\u4e0a\u5e02\u52a0\u6b0a\u6307\u6578\u524d9\u5929\u6536\u76e4\u50f9",
        "\u4e0a\u5e02\u52a0\u6b0a\u6307\u6578\u524d5\u5929\u6210\u4ea4\u91cf",
        "\u6280\u8853\u6307\u6a19_\u6708ADX(14)",
        "\u6280\u8853\u6307\u6a19_\u5b63K(9)",
        "\u4e0a\u5e02\u52a0\u6b0a\u6307\u6578\u524d18\u5929\u6210\u4ea4\u91cf",
        "\u4e0a\u5e02\u52a0\u6b0a\u6307\u6578\u524d17\u5929\u6210\u4ea4\u91cf",
        "\u4e0a\u5e02\u52a0\u6b0a\u6307\u657810\u5929\u6210\u4ea4\u91cf\u6ce2\u52d5\u5ea6",
        "\u6280\u8853\u6307\u6a19_\u9031RSI(5)",
        "\u4e0a\u5e02\u52a0\u6b0a\u6307\u6578\u524d7\u5929\u6210\u4ea4\u91cf",
        "\u4e0a\u5e02\u52a0\u6b0a\u6307\u6578\u524d1\u5929\u6210\u4ea4\u91cf",
        "\u4e0a\u5e02\u52a0\u6b0a\u6307\u65785\u5929\u5831\u916c\u7387",
        "\u4e0a\u5e02\u52a0\u6b0a\u6307\u6578\u524d16\u5929\u6210\u4ea4\u91cf",
        "\u4e0a\u5e02\u52a0\u6b0a\u6307\u657810\u5929\u4e56\u96e2\u7387",
        "\u6280\u8853\u6307\u6a19_Alpha(250D)",
        "\u6280\u8853\u6307\u6a19_\u5b63RSI(10)",
        "\u4e0a\u5e02\u52a0\u6b0a\u6307\u6578\u524d14\u5929\u6210\u4ea4\u91cf",
        "\u6280\u8853\u6307\u6a19_\u9031RSI(10)",
        "\u4e0a\u5e02\u52a0\u6b0a\u6307\u6578\u524d4\u5929\u6210\u4ea4\u91cf",
        "\u4e0a\u5e02\u52a0\u6b0a\u6307\u6578\u524d7\u5929\u6536\u76e4\u50f9",
        "\u4e0a\u5e02\u52a0\u6b0a\u6307\u6578\u524d11\u5929\u6210\u4ea4\u91cf",
        "\u5b98\u80a1\u5238\u5546_\u6301\u80a1\u6bd4\u7387(%)",
        "\u6280\u8853\u6307\u6a19_\u6708RSI(5)",
        "\u500b\u80a15\u5929\u4e56\u96e2\u7387",
        "\u4e0a\u5e02\u52a0\u6b0a\u6307\u6578\u524d9\u5929\u6210\u4ea4\u91cf",
        "\u6280\u8853\u6307\u6a19_\u5b63-DI(14)",
        "\u4e0a\u5e02\u52a0\u6b0a\u6307\u6578\u524d6\u5929\u6210\u4ea4\u91cf",
        "\u6280\u8853\u6307\u6a19_\u6708-DI(14)",
        "\u6280\u8853\u6307\u6a19_Beta\u4fc2\u6578(250D)",
        "\u4e0a\u5e02\u52a0\u6b0a\u6307\u657810\u5929\u6ce2\u52d5\u5ea6",
        "\u6280\u8853\u6307\u6a19_\u6708+DI(14)",
        "\u6280\u8853\u6307\u6a19_\u5b63+DI(14)",
        "\u6280\u8853\u6307\u6a19_\u5b63ADX(14)",
        "\u500b\u80a1\u4e3b\u529b\u8cb7\u8ce3\u8d85\u7d71\u8a08_\u8fd110\u65e5\u4e3b\u529b\u8cb7\u8ce3\u8d85(%)",
        "\u6280\u8853\u6307\u6a19_\u5b63DIF-\u5b63MACD",
        "\u4e0a\u5e02\u52a0\u6b0a\u6307\u6578\u524d15\u5929\u6536\u76e4\u50f9",
        "\u4e0a\u5e02\u52a0\u6b0a\u6307\u6578\u524d20\u5929\u6210\u4ea4\u91cf",
        "\u500b\u80a1\u4e3b\u529b\u8cb7\u8ce3\u8d85\u7d71\u8a08_\u8fd11\u65e5\u4e3b\u529b\u8cb7\u8ce3\u8d85(%)",
        "\u500b\u80a1\u5238\u5546\u5206\u9ede\u5340\u57df\u5206\u6790_\u8fd160\u65e5\u6210\u4ea45\u5206\u9ede\u5340\u57df\u5bc6\u5ea6",
        "\u6280\u8853\u6307\u6a19_\u5b63RSI(5)",
        "\u6280\u8853\u6307\u6a19_Beta\u4fc2\u6578(65D)",
        "\u6280\u8853\u6307\u6a19_ADX(14)",
        "\u5b63IFRS\u8ca1\u5831_\u73fe\u91d1\u8207\u6d41\u52d5\u8cc7\u7522\u6bd4\u7387(%)",
        "\u4e0a\u5e02\u52a0\u6b0a\u6307\u6578\u524d12\u5929\u6536\u76e4\u50f9",
        "\u6280\u8853\u6307\u6a19_K(9)",
        "\u6280\u8853\u6307\u6a19_\u9031ADX(14)",
        "\u6280\u8853\u6307\u6a19_\u5b63TR(14)",
        "\u4e0a\u5e02\u52a0\u6b0a\u6307\u6578\u524d8\u5929\u6210\u4ea4\u91cf",
        "\u5b63IFRS\u8ca1\u5831_\u904b\u7528\u8cc7\u672c\u5c0d\u8cc7\u7522\u7e3d\u984d\u6bd4\u7387(%)",
        "\u65e5\u5916\u8cc7_\u5916\u8cc7\u5c1a\u53ef\u6295\u8cc7\u5f35\u6578",
        "\u5b63IFRS\u8ca1\u5831_\u539f\u59cb\u7d2f\u8a08\u6bcf\u80a1\u71df\u696d\u984d(\u5143)",
        "\u4e3b\u529b\u5238\u5546_\u524d7\u5929\u5206\u9ede\u8cb7\u8ce3\u529b",
        "\u5b63IFRS\u8ca1\u5831_\u7e3d\u8cc7\u7522\u6210\u9577\u7387(%)",
        "\u4e0a\u5e02\u52a0\u6b0a\u6307\u6578\u524d3\u5929\u6536\u76e4\u50f9",
        "\u500b\u80a11\u5929\u5831\u916c\u7387",
        "\u6280\u8853\u6307\u6a19_\u76f8\u5c0d\u5f37\u5f31\u6bd4(\u9031)",
        "\u6280\u8853\u6307\u6a19_\u9031D(9)",
        "\u500b\u80a15\u5929\u5831\u916c\u7387",
        "\u6280\u8853\u6307\u6a19_D(9)",
        "\u6280\u8853\u6307\u6a19_\u5b63ADXR(14)",
        "\u6280\u8853\u6307\u6a19_RSI(5)",
        "\u4e0a\u5e02\u52a0\u6b0a\u6307\u6578\u524d4\u5929\u6536\u76e4\u50f9",
        "\u500b\u80a1\u5238\u5546\u5206\u9ede\u5340\u57df\u5206\u6790_\u8fd11\u65e5\u8ce3\u8d855\u5206\u9ede\u5340\u57df\u5bc6\u5ea6",
        "\u4e0a\u5e02\u52a0\u6b0a\u6307\u6578\u524d10\u5929\u6210\u4ea4\u91cf",
        "\u6280\u8853\u6307\u6a19_\u4e56\u96e2\u7387(250\u65e5)",
        "\u500b\u80a1\u4e3b\u529b\u8cb7\u8ce3\u8d85\u7d71\u8a08_\u8fd120\u65e5\u4e3b\u529b\u8cb7\u8ce3\u8d85(%)",
        "\u6280\u8853\u6307\u6a19_\u6708K(9)",
        "\u6280\u8853\u6307\u6a19_CM-VIX(%)",
        "\u6280\u8853\u6307\u6a19_\u6708D(9)",
        "\u5b63IFRS\u8ca1\u5831_\u7e3d\u8cc7\u7522\u9031\u8f49\u7387\u7d2f\u5b63(\u6b21)",
        "\u6280\u8853\u6307\u6a19_\u9031K(9)",
        "\u4e3b\u529b\u5238\u5546_\u524d5\u5929\u5206\u9ede\u51fa\u8ca8\u6bd4(%)",
        "\u500b\u80a1\u4e3b\u529b\u8cb7\u8ce3\u8d85\u7d71\u8a08_\u8fd1240\u65e5\u4e3b\u529b\u8cb7\u8ce3\u8d85(%)",
        "\u6280\u8853\u6307\u6a19_MACD",
        "\u500b\u80a1\u5238\u5546\u5206\u9ede\u5340\u57df\u5206\u6790_\u8fd120\u65e5\u8ce3\u8d855\u5206\u9ede\u5340\u57df\u5bc6\u5ea6",
        "\u4e0a\u5e02\u52a0\u6b0a\u6307\u6578\u524d14\u5929\u6536\u76e4\u50f9",
        "\u6280\u8853\u6307\u6a19_+DI(14)",
        "\u6280\u8853\u6307\u6a19_ADXR(14)",
        "\u6280\u8853\u6307\u6a19_\u5b63+DM(14)",
        "\u6280\u8853\u6307\u6a19_W%R(10)",
        "\u500b\u80a1\u5238\u5546\u5206\u9ede\u5340\u57df\u5206\u6790_\u8fd160\u65e5\u6210\u4ea42\u5206\u9ede\u5340\u57df\u5bc6\u5ea6",
        "\u500b\u80a1\u4e3b\u529b\u8cb7\u8ce3\u8d85\u7d71\u8a08_\u8fd160\u65e5\u4e3b\u529b\u8cb7\u8ce3\u8d85(%)",
        "\u500b\u80a1\u5238\u5546\u5206\u9ede\u5340\u57df\u5206\u6790_\u8fd15\u65e5\u6210\u4ea43\u5206\u9ede\u5340\u57df\u5bc6\u5ea6",
        "\u4e0a\u5e02\u52a0\u6b0a\u6307\u6578\u524d18\u5929\u6536\u76e4\u50f9",
        "\u500b\u80a1\u524d6\u5929\u6210\u4ea4\u91cf",
        "\u5b63IFRS\u8ca1\u5831_\u71df\u696d\u5229\u76ca\u4f54\u5be6\u6536\u8cc7\u672c\u6bd4\u7387\u7d2f\u5b63(%)",
        "\u5b63IFRS\u8ca1\u5831_\u71df\u696d\u5229\u76ca\u4f54\u5be6\u6536\u8cc7\u672c\u6bd4\u7387(%)",
        "\u8cb7\u8d85\u7b2c12\u540d\u5206\u9ede\u524d6\u5929\u5238\u5546\u4ee3\u865f",
        "\u500b\u80a1\u5238\u5546\u5206\u9ede\u5340\u57df\u5206\u6790_\u8fd120\u65e5\u6210\u4ea45\u5206\u9ede\u5340\u57df\u5bc6\u5ea6",
        "\u5b63IFRS\u8ca1\u5831_\u539f\u59cb\u7d2f\u8a08\u6bcf\u80a1\u71df\u696d\u5229\u76ca(\u5143)",
