{
    "best_params": {
        "n_estimators": 845,
        "learning_rate": 0.8033616076350062
    },
    "base_estimator": {
        "max_depth": 2,
        "min_samples_split": 4
    },
    "best_threshold": 0.5,
    "features": [
        "\u6280\u8853\u6307\u6a19_\u6708K(9)",
        "\u6280\u8853\u6307\u6a19_\u6708RSI(10)",
        "\u6280\u8853\u6307\u6a19_\u5b63K(9)",
        "\u6280\u8853\u6307\u6a19_\u9031RSI(5)",
        "\u4e0a\u5e02\u52a0\u6b0a\u6307\u6578\u524d12\u5929\u6210\u4ea4\u91cf",
        "\u4e0a\u5e02\u52a0\u6b0a\u6307\u657819\u5929\u4e56\u96e2\u7387",
        "\u6280\u8853\u6307\u6a19_\u76f8\u5c0d\u5f37\u5f31\u6bd4(\u9031)",
        "\u4e0a\u5e02\u52a0\u6b0a\u6307\u6578\u524d13\u5929\u6210\u4ea4\u91cf",
        "\u4e0a\u5e02\u52a0\u6b0a\u6307\u6578\u524d18\u5929\u6210\u4ea4\u91cf",
        "\u4e0a\u5e02\u52a0\u6b0a\u6307\u6578\u524d2\u5929\u6210\u4ea4\u91cf",
        "\u4e0a\u5e02\u52a0\u6b0a\u6307\u657810\u5929\u4e56\u96e2\u7387",
        "\u4e0a\u5e02\u52a0\u6b0a\u6307\u6578\u524d1\u5929\u6210\u4ea4\u91cf",
        "\u4e0a\u5e02\u52a0\u6b0a\u6307\u65785\u5929\u4e56\u96e2\u7387",
        "\u5916\u8cc7\u5238\u5546_\u5206\u9ede\u51fa\u8ca8\u6bd4(%)",
        "\u6280\u8853\u6307\u6a19_\u5b63-DI(14)",
        "\u6280\u8853\u6307\u6a19_W%R(10)",
        "\u6280\u8853\u6307\u6a19_\u5b63RSI(5)",
        "\u6280\u8853\u6307\u6a19_RSI(5)",
        "\u4e0a\u5e02\u52a0\u6b0a\u6307\u6578\u524d17\u5929\u6210\u4ea4\u91cf",
        "\u6280\u8853\u6307\u6a19_Alpha(250D)"
    ],
    "scale_pos_weight": 135.6421768707483,
    "sklearn_version": "1.5.1"
}